                  epoch,         train/box_loss,         train/cls_loss,         train/dfl_loss,   metrics/precision(B),      metrics/recall(B),       metrics/mAP50(B),    metrics/mAP50-95(B),           val/box_loss,           val/cls_loss,           val/dfl_loss,                 lr/pg0,                 lr/pg1,                 lr/pg2
                      1,                 1.5843,                 3.9334,                  1.526,                0.00094,                    0.1,                0.00062,                0.00021,                 1.5463,                 3.9966,                 1.8648,              4.287e-05,              4.287e-05,              4.287e-05
                      2,                  1.378,                 3.8579,                 1.3919,                0.00436,                    0.4,                0.31677,                0.27963,                0.58903,                 3.4411,                0.89912,             9.9832e-05,             9.9832e-05,             9.9832e-05
                      3,                0.89938,                 3.0982,                 1.0515,                0.00879,                    0.7,                0.52618,                0.45382,                0.53464,                 3.1606,                0.81882,             0.00015657,             0.00015657,             0.00015657
                      4,                0.85758,                 2.2782,                 1.0114,                0.01177,                0.96667,                0.67016,                0.55608,                0.56769,                 2.8627,                0.81527,             0.00021308,             0.00021308,             0.00021308
                      5,                0.86864,                 1.7327,                 1.0317,                0.35305,                0.66667,                0.70433,                 0.6036,                0.52153,                  2.668,                0.80829,             0.00026936,             0.00026936,             0.00026936
                      6,                0.79948,                 1.4844,                0.94009,                0.99239,                0.63984,                0.82917,                0.72775,                0.52501,                 2.5531,                0.80383,             0.00032542,             0.00032542,             0.00032542
                      7,                0.76883,                  1.319,                 0.9434,                      1,                0.15268,                0.91335,                0.82405,                 0.4699,                 2.5185,                 0.7963,             0.00038125,             0.00038125,             0.00038125
                      8,                0.71174,                 1.2705,                0.94403,                 0.0109,                      1,                0.96731,                0.82314,                0.59816,                 2.7399,                0.88178,             0.00043685,             0.00043685,             0.00043685
                      9,                0.75679,                 1.2563,                0.93899,                0.00906,                    0.9,                0.84026,                0.65228,                0.83743,                 2.9442,                 1.0901,             0.00049223,             0.00049223,             0.00049223
                     10,                0.77479,                 1.2633,                0.96022,                0.01023,                      1,                0.98064,                 0.7596,                0.76547,                 2.7762,                0.94984,             0.00054738,             0.00054738,             0.00054738
                     11,                0.77178,                 1.2018,                0.96619,                      1,                0.13565,                0.97644,                0.82409,                0.59488,                 2.6214,                0.83913,              0.0006023,              0.0006023,              0.0006023
                     12,                0.72242,                 1.0365,                0.92365,                      1,                0.13559,                0.90713,                0.75313,                0.63107,                 2.6256,                0.86541,               0.000657,               0.000657,               0.000657
                     13,                0.70102,                 1.0217,                0.93451,                      1,                0.18741,                0.86161,                0.73256,                0.63999,                 2.6919,                0.90147,             0.00071147,             0.00071147,             0.00071147
                     14,                0.70534,                 0.9282,                0.91056,                0.84994,                0.20385,                0.78469,                0.68245,                0.59233,                 2.6218,                0.85441,             0.00076572,             0.00076572,             0.00076572
                     15,                 0.7129,                0.98273,                0.93644,                0.93872,                    0.3,                0.97509,                0.82418,                 0.6437,                 2.4453,                0.84989,             0.00081974,             0.00081974,             0.00081974
                     16,                  0.686,                0.95404,                0.92274,                0.97042,                0.46445,                  0.995,                0.87407,                0.54005,                 2.1722,                0.81363,             0.00087353,             0.00087353,             0.00087353
                     17,                0.72721,                 1.0358,                0.94505,                0.97708,                0.65972,                  0.995,                0.90231,                0.51131,                 1.9079,                 0.8052,              0.0009271,              0.0009271,              0.0009271
                     18,                0.70628,                0.92237,                0.92016,                0.92472,                0.66667,                  0.995,                0.85711,                 0.5805,                 1.7799,                0.82361,             0.00098044,             0.00098044,             0.00098044
                     19,                0.70435,                0.93742,                0.93486,                0.87577,                0.66667,                  0.995,                0.83952,                0.60761,                 1.8669,                0.84044,              0.0010336,              0.0010336,              0.0010336
                     20,                0.62193,                 0.8681,                0.90449,                 0.7728,                0.94245,                0.99197,                0.85412,                0.59724,                  1.853,                0.83622,              0.0010864,              0.0010864,              0.0010864
                     21,                0.73154,                0.93741,                0.93941,                0.75152,                0.94155,                  0.995,                0.86726,                0.57105,                 1.6725,                0.82695,              0.0011391,              0.0011391,              0.0011391
                     22,                0.67835,                0.90606,                0.92496,                0.81434,                0.95912,                  0.995,                0.86537,                0.58368,                 1.4078,                0.82361,              0.0011915,              0.0011915,              0.0011915
                     23,                0.69445,                 0.8579,                 0.9101,                0.86576,                0.95426,                  0.995,                0.84939,                0.59396,                 1.3021,                0.82377,              0.0012437,              0.0012437,              0.0012437
                     24,                0.67659,                0.89381,                 0.9269,                0.94505,                      1,                  0.995,                0.84457,                0.60104,                 1.2132,                0.82198,              0.0012957,              0.0012957,              0.0012957
                     25,                0.65677,                0.86098,                0.93838,                0.93103,                      1,                  0.995,                0.87114,                0.55048,                 1.1468,                0.80528,              0.0013475,              0.0013475,              0.0013475
                     26,                0.63945,                0.81858,                0.90882,                 0.9662,                      1,                  0.995,                0.88831,                0.49446,                0.97908,                0.78871,              0.0013583,              0.0013583,              0.0013583
                     27,                0.67685,                0.85374,                0.92857,                0.96351,                0.99431,                  0.995,                0.89969,                0.47282,                 1.0109,                0.77998,              0.0013583,              0.0013583,              0.0013583
                     28,                0.63293,                0.83862,                0.90613,                0.93119,                      1,                  0.995,                0.90793,                0.47558,                 1.0206,                0.78314,              0.0013554,              0.0013554,              0.0013554
                     29,                0.64584,                0.80449,                0.91181,                0.90805,                      1,                  0.995,                0.89092,                0.50914,                0.89519,                0.79386,              0.0013526,              0.0013526,              0.0013526
                     30,                0.61871,                0.79537,                0.93448,                0.96823,                      1,                  0.995,                0.90419,                 0.4645,                0.82891,                0.78317,              0.0013498,              0.0013498,              0.0013498
                     31,                0.63507,                 0.7669,                0.92985,                0.97465,                      1,                  0.995,                0.89643,                0.49903,                0.76077,                0.78976,              0.0013469,              0.0013469,              0.0013469
                     32,                0.60282,                0.74342,                0.88668,                0.98061,                      1,                  0.995,                0.89054,                0.50973,                0.72226,                0.79327,              0.0013441,              0.0013441,              0.0013441
                     33,                0.61893,                0.75304,                0.89918,                0.96494,                      1,                  0.995,                 0.9073,                0.50284,                0.70338,                0.78902,              0.0013413,              0.0013413,              0.0013413
                     34,                0.61685,                0.69434,                0.89916,                0.95656,                      1,                  0.995,                0.88523,                0.53176,                0.68493,                0.79127,              0.0013385,              0.0013385,              0.0013385
                     35,                0.62683,                 0.7317,                0.91596,                0.95837,                      1,                  0.995,                 0.8758,                0.55481,                0.72112,                0.79547,              0.0013356,              0.0013356,              0.0013356
                     36,                0.63407,                0.75187,                 0.9315,                0.96161,                0.98016,                  0.995,                 0.8855,                0.53832,                 0.7533,                0.79466,              0.0013328,              0.0013328,              0.0013328
                     37,                0.61437,                0.76261,                0.90194,                0.97538,                      1,                  0.995,                0.88646,                0.47799,                0.66089,                0.78552,                0.00133,                0.00133,                0.00133
                     38,                0.59719,                0.71931,                0.92322,                0.98212,                      1,                  0.995,                0.90481,                0.43924,                0.60628,                0.78265,              0.0013271,              0.0013271,              0.0013271
                     39,                0.66534,                0.72586,                0.91866,                0.98821,                      1,                  0.995,                0.90964,                0.47934,                0.58796,                0.78744,              0.0013243,              0.0013243,              0.0013243
                     40,                0.59191,                0.71355,                0.90262,                0.98878,                      1,                  0.995,                0.88935,                0.53448,                 0.5698,                0.80114,              0.0013215,              0.0013215,              0.0013215
                     41,                0.63093,                0.73011,                0.89969,                0.97652,                      1,                  0.995,                0.90377,                 0.5113,                0.63301,                0.79246,              0.0013187,              0.0013187,              0.0013187
                     42,                 0.5824,                0.69732,                0.90197,                 0.9807,                      1,                  0.995,                0.89931,                0.49865,                0.60863,                 0.7899,              0.0013158,              0.0013158,              0.0013158
                     43,                0.58235,                0.66597,                0.88408,                0.99215,                      1,                  0.995,                0.89003,                 0.5191,                0.63328,                0.79586,               0.001313,               0.001313,               0.001313
                     44,                0.63551,                0.66429,                0.90199,                0.99257,                      1,                  0.995,                0.89811,                 0.4985,                0.64958,                0.79541,              0.0013102,              0.0013102,              0.0013102
                     45,                0.58813,                0.65221,                0.90917,                0.98464,                      1,                  0.995,                0.91034,                0.47932,                0.59075,                0.79269,              0.0013073,              0.0013073,              0.0013073
                     46,                0.57382,                0.62041,                0.88645,                0.98527,                      1,                  0.995,                0.90969,                0.48375,                 0.5604,                0.79254,              0.0013045,              0.0013045,              0.0013045
                     47,                0.58706,                0.67012,                0.91164,                0.98464,                      1,                  0.995,                0.89629,                 0.4748,                0.55973,                0.79049,              0.0013017,              0.0013017,              0.0013017
                     48,                0.60848,                 0.6378,                0.88965,                0.98513,                      1,                  0.995,                0.89293,                 0.4878,                0.54975,                0.79643,              0.0012988,              0.0012988,              0.0012988
                     49,                0.59972,                0.64877,                0.90194,                0.98989,                      1,                  0.995,                0.88301,                 0.5249,                0.54042,                0.80264,               0.001296,               0.001296,               0.001296
                     50,                0.63814,                0.64166,                0.91302,                0.98734,                0.99719,                  0.995,                 0.8905,                0.50435,                0.54298,                 0.7957,              0.0012932,              0.0012932,              0.0012932
                     51,                0.55603,                0.63211,                0.89658,                0.98215,                0.99822,                  0.995,                0.89863,                 0.4905,                0.54759,                0.78519,              0.0012904,              0.0012904,              0.0012904
                     52,                 0.5792,                0.61687,                0.88293,                 0.9861,                      1,                  0.995,                0.89732,                0.49038,                0.51986,                0.78571,              0.0012875,              0.0012875,              0.0012875
                     53,                0.57423,                0.59039,                0.88107,                0.99356,                      1,                  0.995,                0.88757,                0.51116,                 0.4913,                0.80001,              0.0012847,              0.0012847,              0.0012847
                     54,                0.62129,                0.60892,                0.89101,                0.99145,                      1,                  0.995,                0.88591,                0.52735,                0.48677,                0.80611,              0.0012819,              0.0012819,              0.0012819
                     55,                0.55457,                0.58991,                0.86998,                0.98346,                      1,                  0.995,                0.90022,                 0.5107,                0.51618,                0.80165,               0.001279,               0.001279,               0.001279
                     56,                0.52977,                 0.5852,                0.85416,                0.97374,                      1,                  0.995,                0.89104,                0.49823,                0.53588,                0.80038,              0.0012762,              0.0012762,              0.0012762
                     57,                0.58389,                0.62223,                  0.902,                0.98534,                      1,                  0.995,                 0.8955,                0.47605,                0.49657,                0.79067,              0.0012734,              0.0012734,              0.0012734
                     58,                0.59968,                0.61487,                0.89491,                0.98964,                      1,                  0.995,                0.89173,                0.48256,                0.45469,                0.78767,              0.0012706,              0.0012706,              0.0012706
                     59,                0.58885,                0.64351,                 0.9039,                 0.9913,                      1,                  0.995,                0.89458,                0.49274,                0.47256,                0.78497,              0.0012677,              0.0012677,              0.0012677
                     60,                0.53349,                0.56028,                0.86896,                0.99439,                      1,                  0.995,                0.89894,                0.46627,                0.48729,                0.77588,              0.0012649,              0.0012649,              0.0012649
                     61,                0.54749,                0.59085,                 0.8887,                0.98376,                      1,                  0.995,                0.91961,                0.46451,                0.49919,                0.77367,              0.0012621,              0.0012621,              0.0012621
                     62,                0.51961,                0.57001,                0.88069,                0.98669,                      1,                  0.995,                0.92142,                0.46406,                0.46498,                0.77637,              0.0012592,              0.0012592,              0.0012592
                     63,                0.52541,                0.56767,                0.86863,                0.99271,                      1,                  0.995,                0.91436,                0.46249,                0.43089,                0.77655,              0.0012564,              0.0012564,              0.0012564
                     64,                0.54095,                0.54405,                0.87568,                 0.9877,                      1,                  0.995,                0.90198,                0.47433,                0.41831,                 0.7784,              0.0012536,              0.0012536,              0.0012536
                     65,                0.55683,                0.54794,                0.88554,                0.98657,                      1,                  0.995,                 0.9087,                0.47371,                0.42639,                0.77619,              0.0012507,              0.0012507,              0.0012507
                     66,                0.50261,                0.51202,                0.86612,                0.99029,                      1,                  0.995,                 0.8961,                0.45603,                0.42453,                0.77721,              0.0012479,              0.0012479,              0.0012479
                     67,                0.52016,                 0.5595,                0.86789,                0.99083,                      1,                  0.995,                 0.9016,                 0.4347,                0.41802,                0.77612,              0.0012451,              0.0012451,              0.0012451
                     68,                0.56016,                0.54462,                0.88275,                0.99068,                      1,                  0.995,                 0.9131,                0.44884,                0.44714,                0.77827,              0.0012423,              0.0012423,              0.0012423
                     69,                0.59794,                0.60958,                0.90825,                0.99225,                      1,                  0.995,                0.89915,                0.51241,                0.44959,                0.79123,              0.0012394,              0.0012394,              0.0012394
                     70,                0.54031,                0.56007,                0.87278,                0.99449,                      1,                  0.995,                0.90795,                0.47365,                0.41379,                0.78477,              0.0012366,              0.0012366,              0.0012366
                     71,                0.55607,                0.54521,                0.90862,                0.99448,                      1,                  0.995,                0.91231,                0.42808,                0.38362,                0.77743,              0.0012338,              0.0012338,              0.0012338
                     72,                0.53622,                 0.5414,                0.89531,                0.99207,                      1,                  0.995,                0.92587,                0.44705,                0.38713,                0.78255,              0.0012309,              0.0012309,              0.0012309
                     73,                 0.5432,                0.51475,                0.87884,                 0.9919,                      1,                  0.995,                0.92637,                0.44146,                0.38893,                0.78084,              0.0012281,              0.0012281,              0.0012281
                     74,                0.55547,                0.54202,                0.88263,                0.99264,                      1,                  0.995,                 0.9347,                0.43018,                0.39144,                0.77463,              0.0012253,              0.0012253,              0.0012253
                     75,                0.51767,                0.51369,                0.86539,                0.99327,                      1,                  0.995,                0.92773,                0.45645,                 0.3678,                0.78093,              0.0012225,              0.0012225,              0.0012225
                     76,                0.54073,                0.55649,                 0.8983,                0.99277,                      1,                  0.995,                0.91325,                0.45295,                 0.3719,                0.78572,              0.0012196,              0.0012196,              0.0012196
                     77,                 0.5534,                0.52724,                0.88494,                0.99414,                      1,                  0.995,                0.91423,                0.44022,                0.39379,                 0.7802,              0.0012168,              0.0012168,              0.0012168
                     78,                0.59914,                 0.5638,                 0.9052,                0.99419,                      1,                  0.995,                0.91159,                0.44734,                0.41908,                0.77743,               0.001214,               0.001214,               0.001214
                     79,                0.50462,                0.51082,                0.85908,                0.99303,                      1,                  0.995,                0.91031,                0.47858,                0.43417,                0.78251,              0.0012111,              0.0012111,              0.0012111
                     80,                 0.5509,                0.53815,                0.89212,                0.99436,                      1,                  0.995,                0.89092,                0.50783,                0.40782,                0.79499,              0.0012083,              0.0012083,              0.0012083
                     81,                0.53117,                0.51034,                0.86744,                0.99143,                      1,                  0.995,                0.89337,                0.48083,                 0.3886,                0.79137,              0.0012055,              0.0012055,              0.0012055
                     82,                  0.523,                0.51882,                0.88711,                0.98609,                      1,                  0.995,                0.89448,                 0.4676,                0.39778,                0.78081,              0.0012026,              0.0012026,              0.0012026
                     83,                0.55471,                0.55449,                0.90768,                0.98513,                      1,                  0.995,                0.89094,                0.44862,                0.38591,                0.77908,              0.0011998,              0.0011998,              0.0011998
                     84,                0.58792,                0.51856,                 0.8867,                0.98888,                      1,                  0.995,                0.89999,                0.44841,                0.37235,                0.77723,               0.001197,               0.001197,               0.001197
                     85,                0.56922,                0.53315,                0.87948,                0.99086,                      1,                  0.995,                0.91015,                0.42516,                0.36784,                0.77393,              0.0011942,              0.0011942,              0.0011942
                     86,                0.51831,                0.50879,                0.87416,                0.98686,                      1,                  0.995,                0.90935,                0.44087,                0.38574,                0.77729,              0.0011913,              0.0011913,              0.0011913
                     87,                0.52657,                0.51565,                 0.8689,                0.98492,                      1,                  0.995,                0.90492,                0.45765,                0.39419,                0.77594,              0.0011885,              0.0011885,              0.0011885
                     88,                0.57404,                 0.5242,                0.89282,                0.98403,                      1,                  0.995,                0.91527,                 0.4318,                0.39342,                0.77053,              0.0011857,              0.0011857,              0.0011857
                     89,                0.54915,                0.52213,                0.89135,                0.98528,                      1,                  0.995,                0.92312,                0.41654,                0.40241,                 0.7715,              0.0011828,              0.0011828,              0.0011828
                     90,                0.52909,                0.51437,                0.88921,                0.98684,                      1,                  0.995,                0.92535,                0.40846,                0.40063,                0.77085,                0.00118,                0.00118,                0.00118
                     91,                0.50126,                0.50274,                0.86065,                0.98387,                      1,                  0.995,                0.92168,                0.41712,                0.39618,                 0.7743,              0.0011772,              0.0011772,              0.0011772
                     92,                 0.5294,                0.50617,                0.87989,                0.98424,                      1,                  0.995,                0.91228,                0.43821,                0.37913,                0.77859,              0.0011744,              0.0011744,              0.0011744
                     93,                0.51611,                0.48227,                0.88387,                0.98947,                      1,                  0.995,                 0.9214,                0.43767,                0.36507,                0.77674,              0.0011715,              0.0011715,              0.0011715
                     94,                 0.5132,                0.47425,                0.86742,                0.98934,                      1,                  0.995,                0.92017,                0.41331,                0.35493,                0.77177,              0.0011687,              0.0011687,              0.0011687
                     95,                  0.517,                 0.4661,                0.86981,                0.98407,                      1,                  0.995,                 0.8992,                 0.4424,                0.36032,                 0.7783,              0.0011659,              0.0011659,              0.0011659
                     96,                0.52194,                0.49783,                0.89099,                0.98141,                      1,                  0.995,                0.89588,                 0.4573,                0.36757,                0.78009,               0.001163,               0.001163,               0.001163
                     97,                0.53392,                 0.4878,                0.87889,                0.98428,                      1,                  0.995,                0.89919,                0.41121,                0.36037,                0.77059,              0.0011602,              0.0011602,              0.0011602
                     98,                0.48553,                0.46401,                0.86786,                0.98584,                      1,                  0.995,                0.92707,                0.41057,                0.35206,                0.77109,              0.0011574,              0.0011574,              0.0011574
                     99,                0.49428,                0.47268,                0.85695,                0.98794,                      1,                  0.995,                0.91492,                0.42723,                0.34285,                0.77431,              0.0011545,              0.0011545,              0.0011545
                    100,                0.49817,                0.46798,                0.86611,                0.98689,                      1,                  0.995,                 0.9092,                0.46366,                0.34081,                0.78033,              0.0011517,              0.0011517,              0.0011517
                    101,                0.48872,                0.44226,                0.84884,                0.98666,                      1,                  0.995,                 0.9057,                0.43913,                0.32367,                0.77444,              0.0011489,              0.0011489,              0.0011489
                    102,                0.47445,                 0.4519,                0.85588,                0.98756,                      1,                  0.995,                0.91296,                0.44036,                0.32206,                0.77127,              0.0011461,              0.0011461,              0.0011461
                    103,                0.50941,                0.45997,                0.86866,                0.98988,                      1,                  0.995,                0.91604,                0.45825,                0.32292,                0.77595,              0.0011432,              0.0011432,              0.0011432
                    104,                0.51435,                 0.4573,                0.87842,                0.99211,                      1,                  0.995,                0.92044,                 0.4585,                0.32502,                0.77813,              0.0011404,              0.0011404,              0.0011404
                    105,                0.54615,                 0.4796,                0.88502,                 0.9919,                      1,                  0.995,                0.91438,                0.42131,                0.32629,                0.77224,              0.0011376,              0.0011376,              0.0011376
                    106,                0.48462,                0.45602,                0.86833,                 0.9891,                      1,                  0.995,                0.92943,                0.40206,                0.31071,                  0.769,              0.0011347,              0.0011347,              0.0011347
                    107,                0.48529,                0.45877,                0.86575,                0.98853,                      1,                  0.995,                0.92445,                0.42437,                0.31847,                 0.7711,              0.0011319,              0.0011319,              0.0011319
                    108,                0.52237,                0.47391,                   0.86,                 0.9884,                      1,                  0.995,                0.91796,                0.43899,                0.32894,                0.77438,              0.0011291,              0.0011291,              0.0011291
                    109,                0.47203,                0.43449,                0.84591,                0.99232,                      1,                  0.995,                0.92955,                0.43288,                 0.3229,                0.77517,              0.0011263,              0.0011263,              0.0011263
                    110,                0.49817,                0.45406,                0.86474,                0.99276,                      1,                  0.995,                0.92425,                0.40022,                0.31199,                0.76954,              0.0011234,              0.0011234,              0.0011234
                    111,                0.47611,                 0.4643,                0.85702,                0.99133,                      1,                  0.995,                0.93752,                0.38049,                0.30928,                0.76441,              0.0011206,              0.0011206,              0.0011206
                    112,                0.50096,                0.45392,                0.87119,                0.99173,                      1,                  0.995,                0.91915,                 0.4059,                0.31172,                0.76469,              0.0011178,              0.0011178,              0.0011178
                    113,                0.47785,                0.42645,                0.85445,                0.99345,                      1,                  0.995,                0.90311,                0.44949,                0.33057,                0.77091,              0.0011149,              0.0011149,              0.0011149
                    114,                0.48331,                0.42666,                0.85512,                0.99157,                      1,                  0.995,                0.90507,                0.46224,                0.33461,                0.77601,              0.0011121,              0.0011121,              0.0011121
                    115,                0.51832,                0.44428,                0.86141,                0.99026,                      1,                  0.995,                0.90791,                0.45615,                0.33085,                0.77859,              0.0011093,              0.0011093,              0.0011093
                    116,                0.50403,                0.45829,                0.87568,                0.99019,                      1,                  0.995,                0.92676,                0.41827,                0.31328,                0.77401,              0.0011064,              0.0011064,              0.0011064
                    117,                0.47122,                0.43256,                0.85277,                0.99148,                      1,                  0.995,                0.94063,                0.38274,                0.29939,                0.77027,              0.0011036,              0.0011036,              0.0011036
                    118,                0.46393,                 0.4238,                0.84892,                0.99218,                      1,                  0.995,                0.92221,                0.39916,                0.29413,                 0.7721,              0.0011008,              0.0011008,              0.0011008
                    119,                0.47003,                0.43646,                0.87532,                 0.9934,                      1,                  0.995,                0.91393,                0.43693,                0.29725,                0.77628,               0.001098,               0.001098,               0.001098
                    120,                0.48675,                0.44416,                0.86453,                0.99378,                      1,                  0.995,                0.90985,                0.45486,                0.31441,                0.77639,              0.0010951,              0.0010951,              0.0010951
                    121,                0.49873,                0.45474,                0.86998,                 0.9942,                      1,                  0.995,                0.89201,                0.46371,                0.31211,                0.77772,              0.0010923,              0.0010923,              0.0010923
                    122,                0.46488,                0.43021,                0.85481,                0.99464,                      1,                  0.995,                0.88879,                0.48337,                 0.3059,                 0.7844,              0.0010895,              0.0010895,              0.0010895
                    123,                 0.5167,                0.44769,                0.86854,                0.99353,                      1,                  0.995,                0.90477,                0.46718,                0.31388,                0.78124,              0.0010866,              0.0010866,              0.0010866
                    124,                0.48136,                0.40594,                0.85129,                0.99076,                      1,                  0.995,                0.92119,                0.45017,                0.32223,                0.77808,              0.0010838,              0.0010838,              0.0010838
                    125,                0.46577,                   0.42,                0.85403,                0.98813,                      1,                  0.995,                0.91543,                0.42415,                0.31871,                0.77067,               0.001081,               0.001081,               0.001081
                    126,                0.48159,                0.43754,                0.86464,                0.98882,                      1,                  0.995,                0.91547,                0.41392,                0.31105,                0.76781,              0.0010782,              0.0010782,              0.0010782
                    127,                0.48688,                0.41843,                0.86094,                0.99009,                      1,                  0.995,                 0.9141,                0.40765,                0.30583,                0.76691,              0.0010753,              0.0010753,              0.0010753
                    128,                 0.4952,                0.42999,                0.86011,                0.99287,                      1,                  0.995,                0.91893,                0.41007,                0.29166,                0.76592,              0.0010725,              0.0010725,              0.0010725
                    129,                 0.5088,                0.43955,                0.88227,                0.99352,                      1,                  0.995,                0.93019,                0.40484,                0.29135,                0.76633,              0.0010697,              0.0010697,              0.0010697
                    130,                0.48894,                0.44508,                0.86291,                0.99186,                      1,                  0.995,                  0.925,                0.41156,                0.29262,                0.76902,              0.0010668,              0.0010668,              0.0010668
                    131,                0.46235,                0.41497,                0.85345,                0.99126,                      1,                  0.995,                0.91835,                0.42363,                0.29706,                0.77148,               0.001064,               0.001064,               0.001064
                    132,                0.48724,                0.42254,                0.87152,                 0.9924,                      1,                  0.995,                 0.9145,                0.42759,                0.30594,                0.77239,              0.0010612,              0.0010612,              0.0010612
                    133,                0.49598,                0.42244,                0.87555,                0.99375,                      1,                  0.995,                0.92727,                0.39233,                0.29382,                 0.7662,              0.0010583,              0.0010583,              0.0010583
                    134,                0.47198,                 0.4189,                0.86189,                0.99469,                      1,                  0.995,                0.92083,                0.40376,                0.29878,                0.76753,              0.0010555,              0.0010555,              0.0010555
                    135,                0.46979,                0.39399,                0.85842,                0.99478,                      1,                  0.995,                0.90699,                0.43666,                0.29291,                0.77457,              0.0010527,              0.0010527,              0.0010527
                    136,                0.48928,                 0.4199,                0.86635,                0.99434,                      1,                  0.995,                0.89825,                0.43078,                 0.2813,                0.77265,              0.0010499,              0.0010499,              0.0010499
                    137,                0.48391,                0.40538,                 0.8694,                0.99355,                      1,                  0.995,                0.90755,                0.42618,                0.27446,                0.77192,               0.001047,               0.001047,               0.001047
                    138,                0.48532,                0.42299,                0.86098,                0.99408,                      1,                  0.995,                0.90608,                0.44205,                0.28502,                0.77191,              0.0010442,              0.0010442,              0.0010442
                    139,                0.46188,                0.39719,                 0.8572,                0.99394,                      1,                  0.995,                0.90295,                0.43433,                0.28074,                0.77112,              0.0010414,              0.0010414,              0.0010414
                    140,                0.50175,                 0.4229,                 0.8538,                0.99441,                      1,                  0.995,                0.91687,                0.40558,                0.27003,                0.76904,              0.0010385,              0.0010385,              0.0010385
                    141,                0.46454,                0.40656,                 0.8639,                0.99461,                      1,                  0.995,                0.92088,                 0.3893,                0.26241,                0.76463,              0.0010357,              0.0010357,              0.0010357
                    142,                0.45381,                0.40806,                0.85792,                0.99454,                      1,                  0.995,                0.93368,                 0.3852,                0.28015,                0.76207,              0.0010329,              0.0010329,              0.0010329
                    143,                0.43327,                0.40278,                0.84816,                0.99461,                      1,                  0.995,                 0.9332,                0.38661,                0.28357,                0.76283,              0.0010301,              0.0010301,              0.0010301
                    144,                0.43936,                0.40202,                0.87007,                0.99403,                      1,                  0.995,                0.93126,                0.41432,                0.28214,                0.76525,              0.0010272,              0.0010272,              0.0010272
                    145,                0.46322,                0.39139,                0.84327,                0.99289,                      1,                  0.995,                0.92682,                0.42732,                0.29001,                0.76746,              0.0010244,              0.0010244,              0.0010244
                    146,                0.46461,                0.40534,                0.86555,                0.99153,                      1,                  0.995,                0.91069,                0.43941,                0.29059,                0.76884,              0.0010216,              0.0010216,              0.0010216
                    147,                0.44971,                0.38989,                0.84658,                0.98932,                      1,                  0.995,                0.91431,                0.41523,                0.27922,                0.76446,              0.0010187,              0.0010187,              0.0010187
                    148,                0.44046,                0.39674,                0.85499,                0.98925,                      1,                  0.995,                0.92676,                0.38696,                0.26808,                0.75828,              0.0010159,              0.0010159,              0.0010159
                    149,                0.46277,                 0.4015,                0.85544,                0.98956,                      1,                  0.995,                0.94201,                0.39226,                0.26573,                 0.7593,              0.0010131,              0.0010131,              0.0010131
                    150,                0.47989,                0.42793,                 0.8629,                0.99212,                      1,                  0.995,                 0.9455,                0.41117,                0.26557,                0.76332,              0.0010102,              0.0010102,              0.0010102
                    151,                0.43437,                0.38413,                0.84839,                0.99384,                      1,                  0.995,                0.91742,                0.42663,                0.27157,                0.76771,              0.0010074,              0.0010074,              0.0010074
                    152,                0.46194,                0.39166,                0.86121,                0.99472,                      1,                  0.995,                0.92464,                0.41782,                 0.2859,                0.76699,              0.0010046,              0.0010046,              0.0010046
                    153,                0.45327,                 0.4012,                0.86353,                 0.9944,                      1,                  0.995,                0.93703,                0.39535,                0.27714,                0.76388,              0.0010018,              0.0010018,              0.0010018
                    154,                0.45276,                0.38163,                0.86192,                0.99432,                      1,                  0.995,                0.93438,                0.38448,                0.25874,                0.76406,             0.00099893,             0.00099893,             0.00099893
                    155,                0.43961,                0.38981,                0.85179,                0.99476,                      1,                  0.995,                0.93134,                0.38729,                 0.2613,                 0.7657,              0.0009961,              0.0009961,              0.0009961
                    156,                0.44069,                0.37969,                0.85151,                0.99503,                      1,                  0.995,                0.92918,                0.39167,                0.26252,                0.76698,             0.00099327,             0.00099327,             0.00099327
                    157,                0.44345,                0.38125,                 0.8481,                0.99482,                      1,                  0.995,                0.92489,                0.41216,                0.26399,                0.76922,             0.00099044,             0.00099044,             0.00099044
                    158,                0.44195,                0.36875,                0.84259,                0.99449,                      1,                  0.995,                0.90842,                0.41766,                0.28251,                0.76909,             0.00098761,             0.00098761,             0.00098761
                    159,                0.46369,                0.39564,                0.87157,                0.99296,                      1,                  0.995,                0.92184,                0.41297,                0.27397,                0.76876,             0.00098478,             0.00098478,             0.00098478
                    160,                0.45983,                 0.3843,                0.85504,                 0.9924,                      1,                  0.995,                0.92386,                0.40895,                0.26742,                0.76775,             0.00098195,             0.00098195,             0.00098195
                    161,                0.42937,                0.37674,                0.85071,                0.99215,                      1,                  0.995,                0.91148,                0.41269,                0.26149,                0.76645,             0.00097912,             0.00097912,             0.00097912
                    162,                0.45634,                0.38675,                0.87962,                0.99273,                      1,                  0.995,                0.90649,                  0.429,                0.27369,                 0.7679,             0.00097629,             0.00097629,             0.00097629
                    163,                0.49655,                0.40166,                0.87831,                0.99341,                      1,                  0.995,                0.92573,                0.41868,                0.26675,                0.76619,             0.00097346,             0.00097346,             0.00097346
                    164,                0.46768,                0.39608,                0.84827,                0.99306,                      1,                  0.995,                0.93178,                0.38924,                0.25025,                0.76104,             0.00097063,             0.00097063,             0.00097063
                    165,                0.45303,                0.37701,                0.86328,                0.99312,                      1,                  0.995,                0.93088,                0.38298,                0.24657,                0.76067,              0.0009678,              0.0009678,              0.0009678
                    166,                0.42608,                0.37411,                0.84863,                0.99385,                      1,                  0.995,                0.93106,                0.38333,                0.26032,                0.76181,             0.00096498,             0.00096498,             0.00096498
                    167,                0.42282,                0.38781,                0.85537,                0.99453,                      1,                  0.995,                0.91902,                0.40981,                0.27188,                0.76646,             0.00096215,             0.00096215,             0.00096215
                    168,                0.47128,                0.38531,                0.86269,                0.99485,                      1,                  0.995,                0.92338,                0.42366,                0.28654,                0.76888,             0.00095932,             0.00095932,             0.00095932
                    169,                0.45477,                0.37523,                0.85999,                0.99444,                      1,                  0.995,                 0.9272,                0.41231,                0.27669,                0.76642,             0.00095649,             0.00095649,             0.00095649
                    170,                 0.4345,                0.37594,                0.84682,                0.99407,                      1,                  0.995,                0.92301,                0.41573,                0.27392,                 0.7669,             0.00095366,             0.00095366,             0.00095366
                    171,                0.45972,                 0.3893,                0.84462,                0.99401,                      1,                  0.995,                0.92512,                 0.4227,                 0.2606,                0.76663,             0.00095083,             0.00095083,             0.00095083
                    172,                0.42267,                0.36359,                0.84364,                0.99364,                      1,                  0.995,                0.90698,                0.44876,                0.26688,                0.77249,               0.000948,               0.000948,               0.000948
                    173,                0.45824,                0.37154,                0.86345,                0.99356,                      1,                  0.995,                  0.907,                0.45292,                 0.2827,                0.77291,             0.00094517,             0.00094517,             0.00094517
                    174,                  0.451,                0.37769,                0.85258,                0.99383,                      1,                  0.995,                0.91744,                0.39975,                0.27588,                0.76328,             0.00094234,             0.00094234,             0.00094234
                    175,                0.43888,                0.37359,                0.85104,                0.99429,                      1,                  0.995,                 0.9293,                0.36862,                0.26123,                0.76026,             0.00093951,             0.00093951,             0.00093951
                    176,                 0.4338,                0.36702,                 0.8414,                 0.9948,                      1,                  0.995,                0.91989,                0.38399,                0.24694,                0.76176,             0.00093668,             0.00093668,             0.00093668
                    177,                0.50193,                0.38403,                0.88642,                0.99322,                      1,                  0.995,                0.91926,                0.39789,                0.24873,                0.76393,             0.00093385,             0.00093385,             0.00093385
                    178,                0.43839,                0.36624,                0.86457,                0.99244,                      1,                  0.995,                0.91045,                0.42383,                0.26448,                0.76837,             0.00093102,             0.00093102,             0.00093102
                    179,                0.46689,                0.37515,                  0.871,                0.99219,                      1,                  0.995,                0.91095,                0.42383,                0.25735,                0.76688,             0.00092819,             0.00092819,             0.00092819
                    180,                0.45681,                0.37353,                 0.8564,                0.99251,                      1,                  0.995,                0.93522,                 0.3804,                0.23639,                0.75891,             0.00092536,             0.00092536,             0.00092536
                    181,                 0.4535,                0.36572,                0.85592,                0.99374,                      1,                  0.995,                0.94168,                0.35524,                0.22651,                 0.7555,             0.00092253,             0.00092253,             0.00092253
                    182,                0.43952,                0.36943,                0.84903,                0.99422,                      1,                  0.995,                0.95355,                0.36996,                0.23613,                0.75948,              0.0009197,              0.0009197,              0.0009197
                    183,                0.44771,                0.36473,                0.84473,                0.99394,                      1,                  0.995,                0.94844,                0.37516,                 0.2404,                0.76031,             0.00091687,             0.00091687,             0.00091687
                    184,                0.43641,                0.35964,                0.85789,                0.99209,                      1,                  0.995,                0.93022,                 0.4088,                0.25521,                0.76532,             0.00091405,             0.00091405,             0.00091405
                    185,                0.42505,                0.35879,                0.85163,                0.99176,                      1,                  0.995,                0.91853,                0.45131,                0.26789,                0.77193,             0.00091122,             0.00091122,             0.00091122
                    186,                0.43775,                0.34572,                0.84376,                0.99306,                      1,                  0.995,                0.92281,                0.45113,                0.26367,                0.77049,             0.00090839,             0.00090839,             0.00090839
                    187,                0.40956,                0.35029,                0.83337,                0.99407,                      1,                  0.995,                0.91301,                 0.4303,                 0.2552,                0.76589,             0.00090556,             0.00090556,             0.00090556
                    188,                 0.4347,                0.36942,                0.85239,                0.99466,                      1,                  0.995,                0.90138,                 0.4426,                0.26037,                0.77054,             0.00090273,             0.00090273,             0.00090273
                    189,                0.42679,                0.36065,                0.85307,                0.99496,                      1,                  0.995,                0.91204,                0.43377,                0.26085,                0.77077,              0.0008999,              0.0008999,              0.0008999
                    190,                0.39451,                0.33287,                0.83154,                0.99512,                      1,                  0.995,                0.92016,                0.41325,                 0.2523,                0.76763,             0.00089707,             0.00089707,             0.00089707
                    191,                0.42474,                 0.3575,                0.86494,                0.99479,                      1,                  0.995,                 0.9355,                0.39828,                0.25048,                0.76327,             0.00089424,             0.00089424,             0.00089424
                    192,                0.40614,                0.33677,                0.85379,                0.99444,                      1,                  0.995,                0.93211,                0.38458,                 0.2468,                0.76007,             0.00089141,             0.00089141,             0.00089141
                    193,                0.42581,                0.35413,                0.84505,                0.99289,                      1,                  0.995,                0.93574,                0.37773,                0.23172,                0.75811,             0.00088858,             0.00088858,             0.00088858
                    194,                0.41414,                0.34517,                 0.8457,                0.99262,                      1,                  0.995,                0.93066,                0.38339,                0.23471,                0.75997,             0.00088575,             0.00088575,             0.00088575
                    195,                0.44077,                0.35946,                0.84866,                0.99308,                      1,                  0.995,                 0.9225,                0.39448,                 0.2447,                0.76121,             0.00088292,             0.00088292,             0.00088292
                    196,                0.41372,                0.33595,                0.85587,                0.99411,                      1,                  0.995,                0.93151,                0.39752,                0.24785,                0.76212,             0.00088009,             0.00088009,             0.00088009
                    197,                0.40153,                0.35446,                 0.8481,                0.99464,                      1,                  0.995,                0.91792,                 0.4098,                0.25456,                0.76468,             0.00087726,             0.00087726,             0.00087726
                    198,                 0.4247,                0.33781,                0.82921,                0.99372,                      1,                  0.995,                0.92847,                0.38942,                  0.245,                0.76247,             0.00087443,             0.00087443,             0.00087443
                    199,                0.44169,                0.35677,                 0.8724,                0.99422,                      1,                  0.995,                0.93693,                0.35596,                0.23683,                0.75869,              0.0008716,              0.0008716,              0.0008716
                    200,                0.41574,                0.33459,                0.85363,                0.99367,                      1,                  0.995,                0.93565,                0.36562,                0.23771,                0.76214,             0.00086877,             0.00086877,             0.00086877
                    201,                0.41096,                0.33793,                0.84148,                0.99373,                      1,                  0.995,                0.92541,                0.39642,                0.24467,                0.76749,             0.00086595,             0.00086595,             0.00086595
                    202,                0.39747,                 0.3346,                 0.8252,                0.99438,                      1,                  0.995,                 0.9315,                0.39601,                0.24556,                 0.7664,             0.00086312,             0.00086312,             0.00086312
                    203,                0.41158,                0.34223,                0.85127,                0.99443,                      1,                  0.995,                0.94326,                0.36486,                0.23622,                0.75857,             0.00086029,             0.00086029,             0.00086029
                    204,                0.42574,                0.33761,                0.84532,                0.99422,                      1,                  0.995,                0.94222,                0.34765,                0.22907,                0.75507,             0.00085746,             0.00085746,             0.00085746
                    205,                0.40919,                0.33568,                0.84086,                0.99442,                      1,                  0.995,                0.93602,                0.37836,                0.22495,                 0.7607,             0.00085463,             0.00085463,             0.00085463
                    206,                0.40464,                0.34006,                0.84619,                0.99455,                      1,                  0.995,                0.92921,                0.40384,                0.23091,                0.76688,              0.0008518,              0.0008518,              0.0008518
                    207,                0.43539,                0.34227,                0.85071,                0.99501,                      1,                  0.995,                0.93393,                0.39671,                 0.2394,                0.76386,             0.00084897,             0.00084897,             0.00084897
                    208,                0.42094,                0.35989,                0.86619,                0.99433,                      1,                  0.995,                 0.9208,                0.40393,                0.23495,                0.76278,             0.00084614,             0.00084614,             0.00084614
                    209,                0.41727,                0.34156,                0.83328,                0.99356,                      1,                  0.995,                0.91857,                0.40615,                0.24052,                0.76353,             0.00084331,             0.00084331,             0.00084331
                    210,                0.41259,                0.33843,                0.83531,                0.99326,                      1,                  0.995,                0.93358,                0.39539,                 0.2393,                0.76212,             0.00084048,             0.00084048,             0.00084048
                    211,                0.40223,                0.32688,                0.85157,                0.99232,                      1,                  0.995,                0.93342,                0.39659,                0.23557,                0.76363,             0.00083765,             0.00083765,             0.00083765
                    212,                0.43054,                0.34725,                0.86395,                0.99293,                      1,                  0.995,                0.93528,                0.41041,                0.23391,                0.76695,             0.00083482,             0.00083482,             0.00083482
                    213,                 0.4121,                0.34637,                0.83806,                0.99347,                      1,                  0.995,                0.92826,                0.41605,                0.23809,                0.76864,             0.00083199,             0.00083199,             0.00083199
                    214,                0.42822,                0.34344,                0.85923,                0.99453,                      1,                  0.995,                0.93879,                0.41519,                 0.2421,                0.76885,             0.00082916,             0.00082916,             0.00082916
                    215,                0.40769,                0.33301,                0.85239,                 0.9944,                      1,                  0.995,                0.92872,                0.40516,                0.24145,                0.76696,             0.00082633,             0.00082633,             0.00082633
                    216,                0.42362,                0.33149,                0.84947,                0.99405,                      1,                  0.995,                0.93686,                0.38684,                0.24347,                0.76305,              0.0008235,              0.0008235,              0.0008235
                    217,                0.38673,                0.33386,                0.83142,                0.99359,                      1,                  0.995,                0.93415,                0.38463,                0.24421,                0.76222,             0.00082067,             0.00082067,             0.00082067
                    218,                0.45219,                0.35889,                0.86124,                0.99311,                      1,                  0.995,                0.93184,                 0.3921,                0.24305,                0.76414,             0.00081785,             0.00081785,             0.00081785
                    219,                0.40924,                0.33387,                0.83922,                0.99382,                      1,                  0.995,                0.93901,                0.39326,                0.24002,                0.76518,             0.00081502,             0.00081502,             0.00081502
                    220,                0.42313,                0.34353,                0.85562,                0.99385,                      1,                  0.995,                0.93854,                0.39201,                0.23579,                0.76356,             0.00081219,             0.00081219,             0.00081219
                    221,                 0.3854,                 0.3204,                0.84858,                0.99279,                      1,                  0.995,                0.94113,                0.39128,                 0.2352,                0.76167,             0.00080936,             0.00080936,             0.00080936
                    222,                0.41312,                 0.3341,                0.83563,                0.99182,                      1,                  0.995,                0.93905,                 0.3982,                0.23937,                0.76236,             0.00080653,             0.00080653,             0.00080653
                    223,                0.42908,                0.34699,                0.86078,                0.99114,                      1,                  0.995,                0.93641,                0.40222,                0.24533,                 0.7647,              0.0008037,              0.0008037,              0.0008037
                    224,                0.39446,                0.33411,                0.84137,                0.99057,                      1,                  0.995,                0.93671,                0.41075,                0.24996,                0.76674,             0.00080087,             0.00080087,             0.00080087
                    225,                0.39076,                0.32471,                0.84509,                0.99031,                      1,                  0.995,                0.93462,                0.41381,                0.24611,                0.76798,             0.00079804,             0.00079804,             0.00079804
                    226,                0.38835,                0.31856,                0.83941,                0.99089,                      1,                  0.995,                0.92331,                0.41387,                0.25506,                0.76899,             0.00079521,             0.00079521,             0.00079521
                    227,                0.41772,                0.34648,                 0.8434,                0.99175,                      1,                  0.995,                 0.9248,                0.40998,                0.25468,                0.76889,             0.00079238,             0.00079238,             0.00079238
                    228,                0.39961,                0.33501,                 0.8424,                0.99242,                      1,                  0.995,                0.92809,                 0.4043,                0.23754,                0.76888,             0.00078955,             0.00078955,             0.00078955
                    229,                0.40495,                0.33326,                0.83347,                0.99261,                      1,                  0.995,                0.93342,                0.41171,                0.23197,                0.77069,             0.00078672,             0.00078672,             0.00078672
                    230,                0.40167,                 0.3234,                0.85798,                0.99298,                      1,                  0.995,                0.92496,                 0.4256,                0.23919,                 0.7738,             0.00078389,             0.00078389,             0.00078389
                    231,                0.39403,                0.32286,                0.84064,                0.99296,                      1,                  0.995,                0.92538,                0.42469,                0.23542,                0.77499,             0.00078106,             0.00078106,             0.00078106
                    232,                0.38206,                0.32157,                0.83256,                0.99319,                      1,                  0.995,                0.92399,                0.40654,                0.22886,                0.77175,             0.00077823,             0.00077823,             0.00077823
